업체명,연락처,홈페이지
골드아시아,070-8780-1231,https://goldasia.co.kr/
중달이닷컴,070-7776-1688,https://www.jungdari.com/
하이마무역,070-8983-4178,https://hayema.com/
와카고,1833-6345,https://waacargo.com/
직꾸,070-5208-8056,http://www.zickku.com/
트리오링크,070-7938-2834,https://triolink.co.kr/
직구박스,070-4105-6665,https://www.gg9box.com/
직트너,070-4388-1968,https://www.jiktner.com/
홀세일차이나,070-8248-6654,https://wholesalechina.co.kr/
이우드림무역,070-7913-0125,http://www.yiwudream.com/
8282한중무역,032-833-8223,https://www.8282kc.com/
대팔이닷컴,042-545-3120,https://www.dae82.com/
키위커머스,070-8064-1804,https://kiwizk.com/
마루,032-502-1716,https://www.malu.co.kr/
정직닷컴,070-4159-7577,https://www.jung-jik.com/
콕콕직구,070-8860-7577,https://www.kockoc.pe.kr/
직박구리,031-708-1120,http://www.jikbak.com/
웨이하이포스트,070-7954-2860,https://weihaipost.com/
에그돔,1551-0478,https://eggdome.ggook.com/
직플,070-7799-2727,https://www.jikple.com/
배대로,02-6952-7721,https://www.baedaero.com/
타배,1577-2057,https://www.tabae.co.kr/
