No,보세운송업자부호,보세운송업체명,영업소재지
1,010001,(주)케이씨티시,서울특별시 중구 남대문로 63 (소공동) 
2,010002,(주)국보,부산광역시 수영구 광남로 42 (남천동) 국보빌딩 8층
3,010005,씨제이대한통운(주),"서울특별시 종로구 종로5길 7 (청진동, Tower 8) "
4,010006,(주)동방,서울특별시 중구 통일로2길 16 (순화동) 3층
5,010007,동원로엑스㈜,"서울특별시 서초구 마방로 68 (양재동, 동원산업빌딩) "
6,010012,(주)유성티엔에스,"서울특별시 서초구 남부순환로 2583 (서초동, 서희타워) 9층"
7,010014,(주)한진,서울특별시 중구 남대문로 63 (소공동) 
8,010017,(주)에이엔씨익스프레스,경기도 연천군 연천로 177 (연천읍) 
9,010024,롯데글로벌로지스(주),"서울특별시 중구 통일로 10 (남대문로5가, 연세세브란스빌딩) 10-12층"
10,010026,조양국제종합물류(주),"서울특별시 강서구 강서로 406 (등촌동, 동광빌딩) 3층"
11,010027,중앙기업운수(주),서울시 중구 만리동 1가 53-8 
12,010028,(주)신양로지스틱스,서울시 서초구 서초동 1354-5(경목빌딩) 
13,010029,성진운수 주식회사,경기도 연천군 전곡읍 은대리 766-11 
14,010036,용마유통(주),서울 동대문구 용두동 103-43 동우빌딩301 
15,010043,조흥통운(주),"서울특별시 종로구 청계천로 61 (관철동, 관철동 빌딩) "
16,010106,신한종합물류(주),"서울특별시 금천구 가마산로 96 (가산동, 대륭테크노타운8차) 1203호"
17,010114,삼익물류(주),서울특별시 중구 퇴계로 97 (충무로1가) 고려대연각센터빌딩 9층 901호
18,010116,(주)발렉스특수물류,"서울특별시 영등포구 의사당대로 83,12층(여의도동,HP빌딩) "
19,010145,진성종합상운(주),"서울특별시 마포구 독막로 291 (염리동, 한청실업빌딩) 4층"
20,010188,신흥로지스틱스(주),"서울특별시 송파구 송파대로 55 (장지동, 서울복합물류) 비동 4층 20-25번게이트"
21,010190,(주)일양로지스,"서울특별시 마포구 마포대로 25 (마포동, 대농빌딩) 9층"
22,010191,(주)케이이엘,"인천광역시 중구 인중로 176 (사동, 나성빌딩) 2층 1호"
23,010194,엠앤엠통운(주),"인천광역시 중구 축항대로 220 ,3층 301호(항동7가)"
24,010242,(주)대우로지스틱스,"서울특별시 중구 세종대로 39 , 12층"
25,010325,한솔로지스틱스(주),"서울특별시 중구 을지로 100 (을지로2가, 파인에비뉴) 비동 22층"
26,010364,(주)에스아이물류,"인천광역시 연수구 용담로125번길 41 (연수동, 메카리움오피스텔) 2층"
27,010453,만우물류(주),"경기도 파주시 금바위로 42 (와동동, 운정법조타운) 1010호"
28,010498,에스케이해운(주),"서울 중구 퇴계료 24, 19층  남대문  로5가, 에스케이남산그린빌딩 "
29,010579,(주)디알익스프레스,"서울특별시 종로구 새문안로3길 30 (내수동, 대우빌딩) 703호"
30,010651,(주)엠솔루션콥,"서울 구로구 디지털로33길 48, 1102  호,1103호 구로동, 대륭포스트타워 7 차 "
31,010662,(주)토펙스,인천광역시 중구 공항동로295번길 77-11 (운서동) 화물터미널운송대리점 씨동 420호
32,010668,에이치디에스엘피(주),"경기도 용인시 기흥구 금화로 3, 202 호  상갈동, 주공프라자 "
33,010730,태성종합물류(주),"인천광역시 연수구 인천타워대로 323 (송도동, 송도 센트로드) 에이동 1916호"
34,010861,동원산업(주),"서울특별시 서초구 마방로 68 (양재동, 동원산업빌딩) 1층"
35,010938,(주)아이엔지써비스,경기도 고양시 덕양구 삼원로 51 (원흥동) 808호
36,010B86,내트럭(주),"서울특별시 중구 삼일대로 363 (장교동, 장교빌딩) 13층 6호"
37,010D81,(유)브링스글로벌,"서울특별시 영등포구 국회대로62길 21 (여의도동) 11층 (여의도동, 동성빌딩)"
38,010F63,로지스팟(주),"서울특별시 강남구 테헤란로33길 3-6 (역삼동) , 5～10층"
39,011129,(주)로고 농업회사법인,경기도 포천시 포천로 916 (가산면) 
40,012005,(주)극동물류,"인천광역시 중구 공항동로193번길 90 (운서동, 인천항공화물터미널A) 에이동 215호"
41,012052,(주)다코넷,경기도 이천시 마장면 덕평로 787 1층
42,012102,(주)경신종합물류,경기도 여주시 도예로 383-15 (북내면) 
43,012149,(주)케이지엘,"경기도 성남시 중원구 도촌로 25-4,  지층  도촌동 "
44,012455,(주)천일국제물류,"경기도 성남시 분당구 야탑로 103 (야탑동, 노블리치2 오피스텔) 304호"
45,014005,(주)광진종합물류,경기도 안산시 단원구 동산로 63 (원시동) 450호
46,014006,(주)임팩스,경기도 안산시 단원구 성곡로134번길 14 (성곡동) (주)임팩스
47,014009,(주)천일,경기도 안산시 단원구 동산로 45 (원시동) 201호
48,014106,(주)로드로직스,"경기 시흥시 군자천로131번길 77, 40 1  정왕동, 시화공단 2라 603호 "
49,016044,경평물류(주),경기도 평택시 평택항만길 305 (포승읍) 
50,016071,(주)유구로지스틱,경기도 평택시 서동대로 543 (포승읍) 
51,016100,(주)대부로지스틱스,"인천광역시 연수구 송도과학로 32 (송도동, 송도테크노파크IT센터) 에스 2001호"
52,016109,투더블유평택(주),경기도 평택시 포승읍 평택항로184번길 38 2층 201호
53,016117,(주)티지코리아,경기도 평택시 비전4로 39 (비전동) 602호
54,016234,(주)동우물류,경기도 평택시 평택항로 371-38 (포승읍) 
55,016296,(주)청명로지스,"경기도 평택시 하만호길 229 (포승읍, 평택항 화물차휴게소) 205호"
56,016330,(주)영진로지스,"경기도 평택시 서동대로 792 (포승읍, 항만빌딩) 항만빌딩 4층"
57,016370,중부물류(주),경기도 평택시 하만호길 161 (포승읍) 4층
58,017014,(주)캐림코리아,경기도 고양시 일산동구 호수로  358-39 (백석동) 동문 굿모닝타워 1차 212-213호
59,017075,(주)북센,"경기도 파주시 문발로 77  문발동,   출판문화정보산업단지 "
60,020001,조양운수(주),"인천 중구 축항대로291번길, 42 신흥 동3가 "
61,020003,(주)선광,인천광역시 중구 축항대로211번길 37 
62,020004,공성운수(주),인천광역시 중구 축항대로 283 (신흥동3가)
63,020005,한염운수(주),인천시 중구 신흥동3가 31-10 
64,020009,(주)디티씨,인천광역시 연수구 인천타워대로 323 (송도동) 비동 2001호(송도센트로드)
65,020018,성창종합물류(주),"인천광역시 중구 축항대로290번길 164 (신흥동3가, 한중물류센터) 2층"
66,020019,동화실업(주),"인천광역시 중구 내항로 465-110 (북성동1가, 동화실업) "
67,020027,서일운수(주),인천시 남구 학익동 47블럭 2롯트 
68,020046,은혜기업(주),"인천광역시 중구 인항로 6 (신흥동3가, 정광씨팰리스) 제12층 제에이1201호"
69,020210,(주)초강물류,"인천광역시 중구 인항로 6 (신흥동3가, 정광씨팰리스) 비동 720호"
70,020211,(주)한익스프레스,경기도 화성시 초록로 103 (양감면) 
71,020213,(주)해성물류,"인천광역시 중구 서해대로30번길 32 (신흥동3가, 인천남항컨테이너물류기지) "
72,020268,(주)청명,인천 중구 신흥동3가 7-308 정광씨팰 리스 B-914 
73,020271,성호종합물류(주),"인천광역시 중구 서해대로417번길 48 (신생동, 지에스주유소) 2층"
74,020272,청해로지스틱(주),인천광역시 중구 축항대로166번길 57 (항동7가) 
75,020295,(주)태산운수,"인천광역시 중구 축항대로296번길 125 (신흥동3가, (주)국보아암물류센터) 2층씨동"
76,020332,범진물류(주),인천광역시 중구 제물량로 172 (신생동) 1층
77,020370,(주)세종글로벌,인천광역시 중구 축항대로 194 (항동7가) 동부냉장 중202호
78,020376,(주)마루로직스,인천광역시 중구 서해대로418번길 5 (신흥동3가) 2층
79,020382,한우리로지스틱(주),"인천광역시 미추홀구 토금중로 13 (용현동, 풍림하나로쇼핑센타) 302-2호"
80,020396,(주)다인트랜스,"인천광역시 미추홀구 아암대로 109 (용현동, 청솔프라자) 301호"
81,020461,나우트랜스(주),"인천광역시 중구 공항동로295번길 77-8 (운서동, 인천항공화물터미널B) 비동 215호"
82,020466,(주)에스피물류,"인천광역시 중구 서해대로94번길 130 (신흥동3가, 화인통상) "
83,020467,(주)웰빙로직스,"인천광역시 중구 서해대로94번길 132 (신흥동3가, 화인통상물류센터) 비동 504호"
84,020655,해광로지스틱(주),"인천광역시 중구 인항로 6 (신흥동3가, 정광씨팰리스) 에이621호, 에이622호"
85,020685,(주)태광지엘에스,"인천 중구 서해대로 366, 510호  신  흥동3가, 정석빌딩신관 "
86,020733,(주)석영물류,"인천광역시 미추홀구 아암대로29번길 16 (용현동, 인천 용현 엑슬루타워) 105동 1504호"
87,020801,(주)원우티엘에스,"인천광역시 동구 금곡로 35 (송림동, 예공바흐카운티) 101 - 1005"
88,020948,(주)인트란스로지스틱,"인천광역시 연수구 송도과학로 32 (송도동) , 29층 에스2901호(송도테크노파크아이티센터)"
89,020985,와이엘물류(주),인천광역시 중구 축항대로212번길 36 (항동7가)
90,020992,더로지스(주),"인천광역시 연수구 송도과학로 56 (송도동, 송도테크노파크 BT센터) 21층 2111호"
91,020A43,투더블유로직스(주),인천광역시 연수구 인천타워대로 323 (송도동) 에이동 2501호(송도센트로드)
92,020A62,(주)광성물류,인천광역시 중구 축항대로296번길 77 
93,020A84,(주)세미티엘에스,인천광역시 중구 도원로 2 (신흥동3가) 3층
94,020C74,(주)대건상운,"인천광역시 동구 방축로37번길 30 (송현동, 인천산업용품유통단지) 3층"
95,020D01,(주)우련티엘에스,"인천광역시 중구 서해대로30번길 13 (신흥동3가, 유니온로직스센터) "
96,020D32,(주)제이알트렌스,인천광역시 연수구 센트럴로 313 (송도동) 비동 1826호(씨워크인테라스한라)
97,020D76,(주)에이티로직스,인천광역시 중구 축항대로296번길 172 (신흥동3가) 206호(엔케이지 사무동)
98,020E19,케이제이알(주),"경기도 평택시 포승읍 여술1길 100 ,123호(평택스마트빌포레)"
99,020E59,(주)라인올물류,"인천광역시 연수구 센트럴로 313 (송도동) A동 301호,302호,303호,304호,305호 (씨워크인테라스한라)"
100,020G25,케이트랜스(주),"인천광역시 중구 서해대로94번길 132 (신흥동3가, 화인통상물류센터) 403호"
101,020H80,(주)타임로지스틱,"인천광역시 미추홀구 아암대로29번길 16 (용현동, 인천 용현 엑슬루타워) 105-2002"
102,020I23,(주)유올베스트,"인천광역시 중구 서해대로94번길 98-1 (신흥동3가, 대한통운) 3층"
103,020I48,(주)씨엔에이치로지스틱,인천광역시 중구 우현로 3 (사동) 205호
104,020I88,나진물산(주),"인천광역시 중구 서해대로 366 (신흥동3가, 정석빌딩) 3층 311-1호"
105,020I97,대우통운(주),"인천광역시 중구 인중로 176 (사동, 나성빌딩) 3층 301호"
106,020L85,(주)다해로지스틱,"인천광역시 동구 방축로 105 (송림동, 인천산업용품유통단지) 21동 222호"
107,020L89,(주)화정엘엔티,"인천광역시 중구 서해대로 366 (신흥동3가, 정석빌딩) 713호"
108,020M21,(주)일리로직스,"인천광역시 중구 인중로 190 (사동, 재미난박물관) 4층 403호(대성빌딩)"
109,020N49,(주)지오스,인천광역시 중구 공항동로296번길 98-11 (운서동) 비동 102호
110,020N54,(주)바로트랜스,"인천광역시 연수구 송도미래로 30 (송도동, 송도 BRC 스마트밸리 지식산업센터) 디동 305호"
111,020P70,성일운수(주),"인천광역시 중구 축항대로296번길 183 (신흥동3가, 에스케이씨티에이(주)) 2층(화물자동차전용복합휴게소)"
112,020Q32,(주)베스트로,"인천광역시 연수구 인천타워대로 323 (송도동) 비동 2004호 (송도동, 송도센트로드)"
113,020T85,(주)투데이로지스,인천광역시 연수구 송도미래로11번길 27 (송도동) 스마트스퀘어 에이동 706호
114,020U88,(주)지앤아이로지텍,"인천광역시 연수구 인천신항대로 924 (송도동, (주)지앤아이로지텍 물류센터) "
115,020W57,(주)더블유비로직스,"인천광역시 연수구 인천타워대로 323 (송도동, 송도 센트로드) 에이동 1717호"
116,020X23,프로페셔널로지스틱스(주),인천광역시 연수구 송도과학로 56 (송도동) 2114호(송도테크노파크비티센터)
117,020Y72,(주)트랜스물류,인천광역시 중구 하늘별빛로65번길 21 (중산동) 804호(썬앤문타워)
118,021002,(주)공성로지스틱스,경기도 안성시 새울길 9-9 (원곡면) 
119,021003,합자회사 부광통운,서울시 동작구 동적동 61-38 
120,021015,(주)하나로티앤에스,경기도 수원시 영통구 광교로 105 (이의동) 경기알앤디비센터 415호
121,021031,(주)신화로직스,경기도 평택시 서동대로 437-207 (포승읍) 
122,021050,상원로지스틱(주),"경기도 화성시 동탄산단3길 19-22 (방교동, 상원로지스틱) "
123,021081,파인글로벌(주),경기도 화성시 은행나무로 46-46 (양감면) 
124,021552,(주)하나로에스,"경기도 화성시 동탄산단4길 37 (동탄면, (주)하나로티엔에스) "
125,023102,(주)서일토탈로지스틱스,"인천광역시 중구 공항동로296번길 171 (운서동, 에이엠비) 에프4-8"
126,023791,(주)동영티엘에스,인천광역시 부평구 주부토로 236 (갈산동) 제비동 1906호
127,030001,(주)삼천기업,"부산광역시 중구 중앙대로 63 (중앙동3가, 부산우체국) 9층"
128,030003,중앙기업(주),부산광역시 중구 중앙대로42번길 5 (중앙동5가) 동주빌딩 6층
129,030004,(유)해강운수,부산광역시 강서구 화전산단5로74번길 3 (화전동) 
130,030005,(주)한국기업,"부산광역시 중구 중앙대로 102 (중앙동4가, 팬오션(주)부산빌딩) 14층 1400호"
131,030006,(주)유성,"부산광역시 동구 중앙대로 263 (초량동, 국제오피스텔) 1406호"
132,030007,천일정기화물자동차(주),"부산광역시 부산진구 전포대로 217 (전포동, 천일정기화물자동차(주) 사옥) "
133,030008,삼육트랙터(주),부산광역시 중구 중앙대로42번길 5 (중앙동5가) 동주빌딩 5층
134,030011,삼성통운(주),"부산광역시 중구 중앙대로 88 (중앙동4가, 은산베이빌딩) 501호"
135,030017,(주)유성특송,부산광역시 중구 해관로 89 (대창동1가) 709호
136,030023,인터지스(주),부산광역시 중구 충장대로9번길 52 마린센터 13층
137,030032,극동특송(주),부산시 사하구 구평동 127-8 
138,030042,동아물류(주),인천광역시 중구 공항동로296번길 97-49 (운서동) 지5 204호(인천에어카고센타)
139,030043,(주)세기특수,경상남도 밀양시 산내면 가인2길 81 
140,030049,신세기기업(주),부산광역시 중구 충장대로9번길 18 (중앙동4가) 2층
141,030055,(주)코리아브이익스프레스,"부산광역시 중구 중앙대로 94 (중앙동4가) 10층, 외환은행빌딩"
142,030167,(주)한아익스프레스,부산광역시 중구 중앙대로 118 (중앙동4가) 남전빌딩 301호
143,030185,(주)대통,부산광역시 해운대구 반여로155번다길 41 (반여동) 센텀스타 201호
144,030187,금영통운유한회사,부산시 연제구 연산1동 584-1 
145,030188,(주)화신종합운수,"부산광역시 동구 중앙대로180번길 13 (초량동, 오피스텔프레지던트) 202호"
146,030295,(주)대성해운,부산광역시 중구 중앙대로 70 (중앙동4가) 
147,030296,하성물류(주),부산광역시 동구 중앙대로180번길 6-13 (초량동) 203호
148,030385,(주)진흥물류,부산광역시 중구 충장대로9번길 22 (중앙동4가) 신도빌딩 605호
149,030391,신정선박(주),부산광역시 사상구 학감대로133번길 43 (학장동) 에스제이빌딩 3층
150,030398,(주)구산물류,"부산광역시 중구 충장대로9번길 52 (중앙동4가, 마린센터빌딩) 1204호"
151,030416,(주)지원로지스틱,부산광역시 중구 충장대로5번길 32-1 (중앙동4가) 203호
152,030437,씨엔씨통상(주),"부산광역시 동구 조방로 14 (범일동, 동일타워) 2314호"
153,030440,광영익스프레스(주),부산광역시 중구 중앙대로116번길 13 (중앙동4가) 삼중빌딩 401-1
154,030441,화성익스프레스(주),"부산광역시 중구 중앙대로 88 (중앙동4가, 정석빌딩) 1001호"
155,030445,양양종합물류(주),"부산시 중구 충장대로9번길 52, 1704 호 중앙동4가,마린센터 "
156,030448,국양로지텍(주),"부산광역시 중구 충장대로 11 (중앙동4가, 무역회관빌딩) 15층"
157,030524,(주)신익,"부산광역시 중구 중앙대로 102 502호(중앙동4가, 팬오션빌딩)"
158,030711,(주)일성물류,부산광역시 중구 충장대로5번길 46-1 (중앙동4가) 신흥빌딩 4층
159,030775,고려종합물류(주),부산광역시 중구 충장대로5번길 10 (중앙동4가) 신영빌딩 203호
160,030788,(주)삼현통운,부산광역시 중구 충장대로9번길 17-1 (중앙동4가) 201호
161,030849,동아물류(주),부산광역시 중구 충장대로9번길 35-1 (중앙동4가) 동진빌딩 302호
162,030877,금오운수(주),"부산광역시 중구 대교로 119 (중앙동6가, 씨제이대한통운빌딩) 1407호"
163,030916,(주)명성로직스,"부산광역시 중구 중앙대로 131 (대창동1가, 센트렐오피스텔) 807호"
164,030929,(주)다움,"부산광역시 중구 중앙대로 87 ,동아일보빌딩 9층"
165,030991,(주)트랜스피아,"부산광역시 남구 못골번영로66번길 36-6 (대연동, ) 바인빌리지비동 305호"
166,030A51,근화물류(주),부산광역시 중구 중앙대로 124-2 동일빌딩 402호
167,030A83,델타티엘에스(주),부산광역시 중구 충장대로9번길 13 (중앙동4가) 극동빌딩 501호
168,030A87,(주)올웨이즈익스프레스,"경상남도 창원시 진해구 신항5로 15-13 (용원동, 엠에스디스트리파크) "
169,030AZ2,서한종합물류(주),"부산광역시 중구 충장대로5번길 26 ,203호"
170,030B13,(주)태흥글로벌,"부산광역시 중구 해관로 65 (중앙동4가, 은산빌딩) 1101호"
171,030B78,(주)선경물류,"부산시 중구 충장대로 9번길 17-1 ,  304호 중앙동4가,경도빌딩 "
172,030C97,(주)팬스타트리,"부산시 중구 해관로 30  중앙동2가,  팬스타크루즈프라자 "
173,030D50,근대종합물류(주),"부산광역시 동구 중앙대로 192 (초량동, 한국교직원공제회 부산회관) 6층"
174,030D93,(주)금강기업,부산광역시 중구 충장대로5번길 63-1 (중앙동4가) 3층
175,030E42,(주)제이에프이로직스,부산광역시 중구 충장대로5번길 50-1 (중앙동4가) 
176,030E45,서진에스엔엘(주),"부산광역시 동구 중앙대로 236 (초량동, 신흥빌딩) 801호"
177,030E90,삼정종합물류(주),부산광역시 중구 충장대로9번길 13 (중앙동4가) 405호(극동빌딩)
178,030E96,상록로지텍코리아(주),부산광역시 중구 중앙대로 136 (중앙동4가) 케이티중부산사옥 2층
179,030F05,퍼스트로지스틱스(주),"부산광역시 중구 중앙대로 131 (대창동1가, 센트렐오피스텔) 405호"
180,030F66,(주)에스에스물류,"부산광역시 중구 해관로 65 , 은산빌딩 1103호"
181,030G88,우성해상(주),부산광역시 중구 충장대로5번길 72 케이티부산통신센터 6층
182,030G93,(주)엠익스프레스,"부산광역시 동구 자성로133번길 6 (범일동, 진흥 마제스타워 범일) 103동 20층 3420호"
183,030H17,(주)대성티엘에스,"부산광역시 강서구 녹산산단262로50번길 40 (송정동, TOOLMART) 5동 206호"
184,030H42,(주)상원물류,부산광역시 중구 중앙대로 94 (중앙동4가) 외환은행빌딩 5층
185,030I51,(주)씨엔에스로직스,부산광역시 중구 중앙대로 154 (중앙동4가) 시티비앤피 6층
186,030I52,(주)엠제이물류,부산광역시 중구 중앙대로116번길 13 (중앙동4가) 3층
187,030I88,금오로지스(주),"부산광역시 중구 대교로 119 (중앙동6가, 씨제이대한통운빌딩) 1407호"
188,030J21,동우인터내셔널(주),부산광역시 중구 충장대로9번길 21 (중앙동4가) 성전빌딩 4층
189,030J59,(주)디와이티앤엘,"부산광역시 동구 중앙대로 176 (초량동, 대한통운빌딩) 505호"
190,030J94,하이로직스(주),부산광역시 중구 충장대로9번길 15 (중앙동4가) 502호
191,030J95,(주)유수로지스틱스,"부산광역시 중구 중앙대로 80 (중앙동4가, 노블리안2) 1206호"
192,030K15,(주)포유엔터프라이즈,부산광역시 중구 중앙대로 124-2 (중앙동4가) 동일빌딩 601호
193,030K42,티피엠로지스(주),부산광역시 중구 중앙대로 124-2 (중앙동4가) 동일빌딩 501호
194,030K67,세중통운(주),"부산광역시 중구 중앙대로 102 (중앙동4가, STX) 팬오션부산빌딩 6층 601-1호"
195,030K79,(주)카고로직스,부산광역시 동구 중앙대로 168 (초량동) 3층
196,030M04,(주)제이트랜스,부산광역시 중구 중앙대로 120 KH마이우스 3층
197,030M18,(주)소진,부산광역시 중구 충장대로5번길 50-1 (중앙동4가) 703호
198,030M39,(주)해냄통운,부산광역시 중구 대청로155번길 6 (중앙동4가) 901호
199,030M74,(주)서연로직스,부산광역시 중구 중앙대로98번길 7 (중앙동4가) 신우빌딩 205호
200,030M98,(주)동우로지스틱,부산광역시 중구 충장대로13번길 17 (중앙동4가) 삼양사빌딩 204호
201,030N03,(주)에이치유로지스틱스,부산광역시 중구 중앙대로 136 (중앙동4가) 케이티중앙빌딩 301호
202,030N16,(주)태성상운,"부산광역시 중구 대청로155번길 6 3층(중앙동4가,유성빌딩)"
203,030N44,현원물류(주),"부산광역시 동구 중앙대로 263 (초량동, 국제오피스텔) 810호"
204,030N45,(주)쿨스,부산광역시 강서구 녹산산단232로 16 (송정동) 
205,030O10,(주)태영국제물류,부산광역시 강서구 녹산산단232로 16 (송정동) 
206,030O92,(주)제이엔씨글로벌,부산광역시 중구 중앙대로 99 (대창동1가) 2302호
207,030P02,(주)서강엔터프라이즈,부산광역시 중구 충장대로5번길 36 (중앙동4가) 이산빌딩 206호
208,030P65,(주)우주로지스틱,부산광역시 중구 충장대로9번길 17 (중앙동4가) 302호
209,030Q23,(주)제이피로직스,"부산광역시 중구 해관로 65 (중앙동4가, 은산빌딩) 307호"
210,030Q40,더원물류(주),부산광역시 중구 충장대로5번길 18-1 (중앙동4가) 403호
211,030R48,(주)스타링크,부산광역시 중구 해관로 30 (중앙동2가) 
212,030R63,(주)엠피에스,"부산광역시 중구 충장대로 11 (중앙동4가, 무역회관빌딩) 502호"
213,030S14,(주)인글로벌,부산광역시 강서구 가락대로 230-8 (송정동) 2동 3층
214,030S57,(주)현수기업,부산광역시 남구 유엔평화로143번길 39 (대연동) 4층
215,030T23,(주)지엠엘,"경상남도 창원시 진해구 신항7로 132 (남문동, (주)지엠엘) "
216,030V46,(주)팬스타트리,"부산광역시 중구 해관로 30 (중앙동2가) 5층, 팬스타크루즈프라자"
217,030V86,(주)부림교역,부산광역시 강서구 범방3로30번길 12 (범방동) 
218,030W12,에스에스트랜스(주),부산광역시 중구 중앙대로132번길 7 (중앙동4가) 403호
219,030W27,(주)민성로직스,"부산광역시 중구 중앙대로 80 (중앙동4가, 노블리안2) 708호"
220,030W86,(주)진양지에스,부산광역시 중구 충장대로9번길 55 (중앙동4가) 302호
221,030W95,(주)태성물류,"부산광역시 수영구 수영로 413-1 (남천동, 세종 엠-스테이 Ⅱ) 1004호"
222,030W99,(주)지투비로지스틱스,부산광역시 중구 대청로155번길 6 (중앙동4가) 광진티엘에스빌딩 7층
223,030X07,(주)해성종합물류,부산광역시 중구 동광길 102 (대창동1가) 선경뉴빌아파트 403호
224,030X93,은하수로지스틱스(주),부산광역시 중구 충장대로5번길 36 (중앙동4가) 304호
225,030Y33,(주)태성로지스,"부산광역시 중구 중앙대로 120 ,4층(중앙동4가, 케이에이치마이우스)"
226,030Y46,(주)카고로,"부산광역시 중구 충장대로9번길 52 (중앙동4가, 마린센터빌딩) 1801-2호"
227,030Y73,와이엠익스프레스(주),부산광역시 영도구 남항서로 132 (대교동1가) 한우리타워 301호
228,030Y86,(주)에스제이로지스틱스,"부산광역시 중구 충장대로9번길 52 (중앙동4가, 마린센터빌딩) 1504호"
229,030Y89,(주)에이치에스엘엔씨,"부산광역시 중구 충장대로 11 (중앙동4가, 부산무역회관) 4층 401호"
230,030Z97,(주)비피에스,"부산광역시 서구 충무대로 12 (암남동) 301호(암남동,지에스프라자)"
231,030ZE7,(주)팬스타엔터프라이즈,부산광역시 중구 해관로 30 
232,030ZN1,(주)상원종합물류,부산광역시 중구 중앙대로 94 (중앙동4가) 5층
233,030ZX6,(주)수원엘티씨,"부산광역시 중구 중앙대로 131 (대창동1가, 센트렐오피스텔) 1105~1106호"
234,032015,일통운수(주),부산시 금정구 부곡동 217-2번지 
235,032091,(주)화신종합운수,부산시 금정구 금사동 106-1 
236,032095,(주)화신종합운수,부산시 금정구 금사동 106-1 
237,033001,(주)신한상운,경상남도 양산시 산막공단북8길 12 (호계동) 2층
238,033022,(주)한영종합운수,경상남도 밀양시 천태로 77 (삼랑진읍) 
239,033023,(유)대동통운,경상남도 양산시 양산대로 2187 (하북면) 
240,033031,은산컨테이너터미널(주),부산광역시 강서구 녹산산단232로 12 (송정동) 
241,033032,(주)천경,경상남도 양산시 제방로 285 (물금읍) 양산 icd 3단지 (주)천경
242,033216,(주)경일,경상남도 양산시 어곡공단2길 48 (어곡동) 1층
243,033555,(주)유하물류,경상남도 양산시 화합3길 6-10 (물금읍) 
244,035001,대형기업(주),서울 서대문구 홍은3동 265-147 
245,035030,(주)백마종합물류,인천광역시 중구 공항동로296번길 97-49 (운서동) G6블럭
246,035087,케이익스프레스(주),부산광역시 동구 중앙대로180번길 12-10 (초량동) 403호
247,035210,(주)동륜물류,"부산광역시 중구 중앙대로 136 ,310호(중앙동4가, 케이티중앙빌딩)"
248,035216,(주)트랜샘,부산광역시 강서구 유통단지1로 41 (대저2동) 제본관동 308호
249,035261,성우로지스(주),"부산광역시 강서구 유통단지1로 76 (대저2동, 건축자제판매단지) 13동 404호"
250,035433,비아이디씨(주),부산시 강서구 신항로 96-72(성북동) 
251,035669,신우통운(주),부산시 강서구 호계로 7  죽림동 
252,035776,(주)신영로지스텍,"경상남도 김해시 장유로 360 (신문동, 쌍용예가1차아파트) 112동 301호"
253,035980,태남홀딩스주식회사,부산광역시 강서구 녹산산단178로 37-14 (송정동) 
254,039001,(주)대원상운,부산시 남구 용당동 175-4 
255,039002,(주)풍전운수,"부산광역시 동구 중앙대로180번길 13 (초량동, 오피스텔프레지던트) 202호"
256,039006,서강통운(주),부산광역시 중구 충장대로5번길 26 (중앙동4가) 삼영빌딩 6층
257,039007,유성종합운수 (주),부산직할시 남구 용당동 산 2-1 
258,039008,세방(주),부산광역시 남구 우암로 127 (감만동) 
259,039011,홍진물류(주),부산광역시 남구 신선로 433 (용당동) 
260,039013,씨스코유통(주),부산시 남구 감만동 254-52번지    (전화번호)051-743-6401 
261,039036,(주)광진티엘에스,부산광역시 중구 대청로155번길 6 
262,039064,효진상운(주),부산광역시 남구 유엔평화로14번길 40 (대연동) 아루나빌딩 4층
263,039081,(주)한타특수운송,"부산광역시 중구 중앙대로 102 (중앙동4가, 팬오션(주)부산빌딩) 701호"
264,039094,금강물류(주),"부산광역시 동구 중앙대로 358 (수정동, 금강신일빌딩) 6층"
265,039113,대양티앤티에스(주),"부산광역시 해운대구 센텀중앙로 48 (우동, 에이스하이테크21) 1507호"
266,039116,(주)대현,"부산광역시 중구 중앙대로 102 (중앙동4가, 팬오션(주)부산빌딩) 902호"
267,039119,에이스로지스틱(주),부산광역시 중구 중앙대로42번길 5 (중앙동5가) 동주빌딩 5층
268,039121,운창기업(주),"부산광역시 남구 무민사로 13 (감만동, 판테라오피스텔) 1012호"
269,039125,(주)삼성종합물류,부산광역시 중구 충장대로9번길 15-1 (중앙동4가) 401호
270,039142,(주)청솔로직스,"부산광역시 중구 충장대로9번길 46 (중앙동4가, 한진해운빌딩) "
271,039145,혜성물류(주),"부산광역시 남구 신선로 261 (용당동, 부산 용당 화물차 휴게소) 305호"
272,039183,(주)지산종합물류,부산시 남구 용당동 554 금정빌딩 4층 
273,039188,(주)지산종합물류,부산광역시 남구 신선로 261 (용당동) 내트럭하우스 202호
274,039193,(주)대경로직스,부산광역시 중구 중앙대로 147 (대창동2가) 일신빌딩 7층
275,039204,(주)하이트종합물류,부산시 중구 중앙동4가 88-3 신영빌  딩 305호 
276,039207,(주)현우특수기업,부산광역시 중구 충장대로9번길 13 (중앙동4가) 206호
277,039243,마하통운(주),부산광역시 중구 충장대로13번길 17 (중앙동4가) 삼양사빌딩 206호
278,039271,(주)대일로직스,"부산광역시 해운대구 해운대로469번길 190 (우동, 센텀현대아파트) 상가동 303호"
279,039273,(주)조이로지스틱스,부산광역시 중구 해관로 89 부산중앙빌딩 706호
280,039290,(주)유니온로지스,부산광역시 남구 신선로 303 (용당동) 
281,039307,(주)부산특수물류,부산광역시 남구 유엔평화로143번길 39 (대연동) 4층
282,039336,㈜나르미,부산시 남구 유엔로 66  우암동 
283,039337,씨티종합물류(주),부산광역시 중구 충장대로9번길 20 (중앙동4가) 401호
284,039506,(주)서원운수,"부산광역시 남구 신선로 406 (용당동, 대우상용차) 201호"
285,039569,(주)이지트랜스,"부산광역시 동구 성남로 26 (좌천동, 미진 대형매매상사) 2층"
286,039572,신한로직스(주),부산시 중구 중앙동 4가 80-5 프라자 빌딩 503호 
287,039694,흥국물류(주),"부산광역시 동구 자성로141번길 11 (범일동, 삼환오피스텔) 605호"
288,039B77,(주)영진종합물류,부산광역시 남구 신선로356번길 9 (용당동) 
289,039E09,(주)코리아브이로지스틱스,부산광역시 중구 중앙대로 94 (중앙동4가) 10층(외환은행빌딩)
290,039F62,태양로지스(주),부산광역시 남구 신선로 294 (용당동) 대한통운 부산컨테이너 터미널(주) 내 1층
291,039H70,세아로직스(주),"부산광역시 기장군 기장읍 동부산관광9로 15 ,304호"
292,039J76,덕창로지스틱스(주),"부산광역시 남구 자성로 152 (문현동, 한일오피스텔) 817호"
293,039L30,(주)도성물류,부산광역시 남구 신선로 259-15 (용당동) 3층
294,039L43,(주)신한물류,부산광역시 동래구 아시아드대로231번길 3 (온천동) 2004호
295,039X48,유니코네트워크(주),부산광역시 동구 중앙대로 184 (초량동) 2층
296,039X97,(주)대영로직스,"부산광역시 남구 신선로329번길 26 (용당동, 유림스카이) 403호"
297,039Y51,다우로지스틱스(주),부산광역시 해운대구 센텀북대로 60 (재송동) 403호(센텀아이에스타워)
298,040001,(주)대한항공,"서울특별시 강서구 하늘길 260 (공항동, 대한항공) "
299,040003,국제상운주식회사,서울시 성동구 화양동 7-2번지 
300,040006,공성종합운수(주),경기도 안성군 원곡면 내가천리 162-5번지 
301,040007,천일정기자동차(주),  
302,040013,(주)해우종합물류,서울시 강서구 공항동307-7 
303,040016,(주)삼천종합물류,"인천광역시 중구 공항동로296번길 97-49 (운서동, 인천국제공항자유무역지역) 지6 205호 (주)삼천종합물류"
304,040017,예스로지스틱스(주),"인천광역시 중구 공항동로295번길 77-11 (운서동, 인천공항외항사터미널운송대리점) C동 416에이호"
305,040018,아이.티.씨.로지스틱스(주),"인천광역시 중구 공항동로295번길 77-11 (운서동, 인천공항외항사터미널운송대리점) C동 211호"
306,040019,(주)쥬피터익스프레스,서울특별시 강서구 양천로 81 (방화동) 
307,040022,미래종합물류(주),인천광역시 중구 자유무역로 135 (운서동) 에이치2블럭 208-210호
308,040027,드림로지스틱스(주),경기도 평택시 도일유통길 20-7 (도일동) 
309,040028,대현국제운송(주),"인천광역시 중구 공항동로295번길 77-6 (운서동, 아시아나항공운송대리점) 비동 205호, 206호, 207호(화물터미널)"
310,040030,(주)백상로지스틱스,"인천광역시 중구 공항동로296번길 171 (운서동, 에이엠비) (운서동, 항공물류단지에프구역 에이엠비물류센터 에프2-2)"
311,040037,(주)케이에스글로벌로지스,"인천광역시 중구 공항동로193번길 116 (운서동, 대한항공운송대리점) 운송대리점동 104씨호"
312,040045,(주)동아로지스,"경기도 안산시 단원구 광덕4로 144 (고잔동, 트윈타운) 에이동 506호"
313,040050,(주)원스탑로지스,경기도 광주시 경충대로 65-5 (곤지암읍) 
314,040054,지오피(주),"인천광역시 중구 공항동로296번길 98-114 (운서동, 인천국제공항자유무역지역) 인천국제물류센터 디204호"
315,040055,(주)이지화물,"인천광역시 중구 공항동로295번길 77-8 (운서동, 인천항공화물터미널B) 비동 103,104,105호 (운서동, 운송대리점)"
316,040059,(주)영동글로벌로지스틱스,"인천광역시 중구 공항동로295번길 77-6 (운서동, 아시아나항공운송대리점) B동 223-1,2호"
317,040066,(주)벨로지스,"서울특별시 서초구 서초중앙로 63 (서초동, 리더스빌딩) 501호"
318,040094,(주)이룸로지스틱스,"인천광역시 중구 자유무역로 259 (운서동) 202-1호(인천국제공항 공항물류단지 엠2, 엠3 블럭)"
319,040097,(주)수연지엘에스,"인천광역시 중구 공항동로295번길 77-45 (운서동, 외항사화물터미널) 인천국제공항화물터미널 씨 화물청사씨티 315호"
320,040117,(주)길로직스,"인천광역시 중구 공항동로296번길 98-114 (운서동, 인천국제공항자유무역지역) 디동 209호"
321,040123,(주)세인티엔물류,"인천광역시 중구 자유무역로 25 (운서동) ,씨6블럭 서관402호"
322,040128,에이치로지스틱스(주),"인천광역시 중구 공항동로296번길 97-51 (운서동) (운서동,  지1블럭)"
323,040139,(주)엘케이로지스틱스,"인천광역시 중구 공항동로296번길 98-114 (운서동) ,비1블럭 인천물류센터 D동 211-1호"
324,040167,(주)해인글로벌로지스,"인천광역시 중구 공항동로295번길 77-8 (운서동, 인천항공화물터미널B) 비동 215호(아이에이씨티 인천항공화물터미널)"
325,040170,(주)씨아이씨로지스,인천광역시 중구 자유무역로 95 (운서동) 301호
326,040175,(주)월드허브로지스틱스,"인천광역시 중구 공항동로295번길 77-6 (운서동, 아시아나항공운송대리점) 119-1호"
327,040190,(주)제이에스로직스,인천광역시 중구 공항동로296번길 97-43 (운서동) 2층 214호
328,040192,(주)블루파인,"인천광역시 중구 공항동로295번길 77-11 (운서동, 인천공항외항사터미널운송대리점) 313 에이호"
329,040206,(주)에이치로직스,"인천광역시 중구 공항동로296번길 97-45 (운서동) 201호(운서동, 피3블럭)"
330,041021,페라리로지스틱스코리아 주식회사,"경기도 김포시 고촌읍 아라육로57번길 45 , 3층"
331,050004,(유)대동기업,경남 사천시 곤명면 추천리 423-3 
332,050014,(주)한 순 운 수,경남 진주시 수곡면 사곡리 149-5 
333,050016,(주)현대특수기업,경남 함안군 법수면 황사리 877 
334,050020,대진물류(주),경상남도 산청군 친환경로 3191 (산청읍) 
335,050041,강산통운(주),경상남도 함안군 두배길 16 (법수면) 
336,050058,(유)광덕기업,"부산광역시 남구 우암로 127 (감만동, 세방(주)) "
337,050088,(주)포스텍,경상남도 창원시 성산구 중앙대로228번길 6 (신월동) 2층(센트랄빌딩)
338,053001,삼익물류(주),서울시 중구 서소문 85-3 
339,053048,(주)이맥스물류,부산광역시 남구 수영로 55 (문현동) 3층
340,053136,조은물류(주),"경상남도 창원시 진해구 신항4로 15-85 (용원동, 범한판토스) 201호 202호"
341,060028,(주)지성,전라남도 광양시 제철로 580 (광양읍) 
342,070002,(주) 한라특수운송,전남 영암군 삼호면 삼포리 38-1 
343,071087,선진종합물류(유),서울특별시 강동구 양재대로 1553 (천호동) 
344,071179,(주)태양,전라남도 곡성군 도림로 9 (곡성읍) 
345,080040,(유)금강종합물류,"전라북도 군산시 자유로 482 (오식도동, 군산자유무역지역관리원) 업무지원동 310호"
346,080138,(유)오식도물류,전북특별자치도 군산시 임해로 406 (소룡동) 
347,080166,(주)천마글로벌,"전라북도 군산시 공항로 579 (개사동, 현대오일뱅크) 2층 주식회사천마글로벌"
348,080266,(주)금강로지스틱스,전북특별자치도 군산시 자유무역로 83 (오식도동) 
349,081007,대경글로벌로지텍(주),전북특별자치도 익산시 하나로 48-12 (금강동) 
350,081015,영진물류(주),전라북도 익산시 석암로 219 (석암동) 
351,090077,제주국제판토스　주식회사,제주특별자치도 제주시 임항로 201 (건입동) 
352,110008,(주)한영종합운수,경남 양산시 어곡동 531번지 
353,110011,조운종합물류(주),울산광역시 울주군 회학3길 10-15 (온산읍) 
354,110051,(주)한국탱크로리,울산광역시 울주군 화창6길 24 (청량면) 
355,110058,(주)삼성물류넷,울산광역시 울주군 반구대로 788 (삼남면) 동산빌딩 301호
356,110689,대영티에이에스(주),울산광역시 남구 상개로 194 (상개동) 
357,110697,삼양통운(주),울산광역시 울주군 온산읍 거남3길 24-12 
358,110708,(주)경동이앤에스,울산광역시 남구 장생포로 304 (매암동) 
359,110767,대상해운(주),"울산시 울주군 온산읍 처용산업1길 5 7, 3층 "
360,120002,(주)천일모터트레이드,부산시 사상구 엄궁동 651-1번지  전화번호 053-357-3001 
361,120004,삼화운수(합),대구광역시 북구 오봉로 103 (노원동3가) 
362,120081,(주)제일통운,"경상북도 구미시 낙동강변로 61 (오태동, 구미화물터미널) "
363,122004,동성종합운수(주),경북 영일군 연일읍 오천동 396-8 
364,122007,(주)삼일,"경상북도 포항시 남구 송덕로 125-15 (대송면, (주)삼일) "
365,130001,(주)동우국제,"서울특별시 영등포구 국회대로74길 19 (여의도동, 동우국제빌딩) "
366,130002,일양운수(주),서울시 서초구 방배4동 852-21 
367,130004,(주)한국운창,서울시 강서구 공항동 307-7 
368,130005,양양운수(주),"서울특별시 금천구 가산디지털1로 168 (가산동, 우림라이온스밸리) 비-1510호"
369,130016,(주)엘엑스판토스,서울특별시 종로구 새문안로 58 
370,130025,(주)에이엔씨인터내셔날,"서울특별시 강서구 남부순환로 29 (공항동, 에이엔시(ANC)빌딩) (주)에이엔씨인터내셔날"
371,130038,(주)해우지엘에스,"서울특별시 강서구 강서로 402 (등촌동, 재영빌딩) "
372,130043,(주)상화운수,서울시 강서구 내발산동 651-1 대성  빌딩 3층 
373,130056,우림해운(주),"서울특별시 영등포구 여의공원로 111 (여의도동, 여의도 태영빌딩) 9층 901호"
374,130089,(주)코리아인터링크,"서울특별시 영등포구 영신로 220 (영등포동8가, KnK디지털타워) 1607호"
375,130112,(주)에이씨이익스프레스,"서울특별시 강서구 양천로 401 (가양동, 강서한강자이타워) , 9층 비905호"
376,130120,삼복로지스틱(주),"인천광역시 중구 공항동로296번길 171 (운서동) ,에프블럭 에이엠비 에프1-1"
377,130246,(주)한영로지텍,"경기도 연천군 전곡읍 은전로 81 , 3층"
378,130280,(주)디에프에스로지스틱스,인천광역시 중구 공항동로296번길 98-116 (운서동) 에이동 1층
379,130330,(주)로지스퀘어컨테이너서비스,"서울특별시 금천구 가산디지털2로 123 (가산동, 월드메르디앙2차) 1417호"
380,130463,(주)SH로지스틱스앤테크놀로지,"서울특별시 금천구 가산디지털1로 84 (가산동, 에이스하이엔드타워8차) 3층"
381,130555,(주)진에어,서울특별시 강서구 공항대로 453 (등촌동) 3층
382,130638,(주)지에스에스,서울특별시 강서구 마곡중앙1로 26 (마곡동) 엠리체 404호
383,130718,(주)에이비씨로지스,서울특별시 강서구 마곡중앙로 55 (마곡동) 5층 503~507호(문영퀸즈파크13)
384,130723,(주)서정인터내셔날,서울특별시 강남구 논현로 414 (역삼동) 7층
385,130725,(주)하나파인물류,"서울특별시 강서구 하늘길 210 (공항동, 한국항공화물청사) 329-2호, 4호"
386,130806,(주)에스더쉬핑,"서울특별시 영등포구 양산로 57-5 301호(양평동3가,이노플렉스)"
387,130996,(주)스피드웨이,"서울특별시 강서구 하늘길 246 (공항동, 대한항공화물청사) 208호"
388,130A31,(주)신공항종합물류,"서울특별시 강서구 방화대로 294 (마곡동, 마곡더블유타워) 513호"
389,131002,(주)유한,"경기도 안양시 동안구 관평로 227 (관양동, 한가람아파트 상가동) "
390,131003,합경(주),서울시 영등포구 양평동 5가 106-1 
391,131004,삼복기업(주),경기도 의왕시 오전동 150-1번지 
392,131015,(주)월드라인,경기도 안양시 만안구 안양로 147 (안양동) 4층
393,131038,코레일로지스(주),"경기도 의왕시 오봉로 175 (이동) 의왕 ICD 내 6군 운영건물 204, 205"
394,131065,에이스물류(주),경기도 의왕시 오봉산단3로 25 (삼동) 1동 1116호(의왕테크노파크 더리브비즈원)
395,131188,(주)에스엔에스로지스틱,경기도 의왕시 부곡중앙남1길 37 (삼동) 3층
396,131231,(주)에이케이로지스틱스,인천광역시 연수구 인천타워대로 323 (송도동) 제에이동 제12층 제1211호
397,131787,(주)동양로직스,인천광역시 중구 자유무역로107번길 25 (운서동) (공항물류단지 디1블럭 은산해운항공 인천물류센터)
398,131831,(주)허브넷로지스틱스,서울특별시 강서구 공항대로2길 64 (공항동) 
399,140001,(주)한국기업사,부산시 중구 중앙동 4가 85-11 
400,140002,(주)삼왕,부산광역시 중구 해관로 89 (대창동1가) 부산중앙빌딩 908호
401,150001,수덕운수(주),대전시 중구 대사동 75-16 영진맨숀 1004 
402,150010,유성물류(주),경기도 안산시 단원구 동산로 63 (원시동) 365호(원시동)
403,150011,서해운수(주),충남 당진군 고대면 장항리 487-2 
404,150012,(주)천안물류　　　,충청남도 천안시 서북구 석문길 47 (성거읍) 
405,150034,(주)티지엘,대전광역시 대덕구 문평동로 41-16(문평동) 
406,150067,(주)로지스퀘어,서울특별시 강남구 봉은사로 479 (삼성동) 13층
407,151002,(주)원남,충북 음성군 소이면 충청대로 1994-2 2 
408,151003,대화물류(주),충남 보은군 보은읍 지산리 1-13번지  전화번호 032-885-1764 
409,152002,수덕운수(주),충남 아산시 신동 306-21 
410,152040,(주)유성티엘씨,"충청남도 천안시 서북구 연곡길 322 (입장면, (주)유성티엘씨) "
411,152176,(주)유니지엘에스,충청남도 아산시 영인면 아산호로 352 
412,152392,태성로직스(주),"충청남도 아산시 아산밸리중앙로 83 (둔포면, 더원프라자) 503호"
